Men_ID,Men_descr,Rainette_faux_grillon_boreale,Rainette_faux_grillon_de_l_Ouest,Salamandre_a_quatre_orteils,Salamandre_pourpre_pop_des_Adirondacks_et_des_Appalaches,Salamandre_sombre_des_montagnes_pop_des_Appalaches,Chauve_souris_argentee,Chauve_souris_cendree,Chauve_souris_nordique,Chauve_souris_pygmee_de_l_Est,Chauve_souris_rousse_de_l_Est,Grande_chauve_souris_brune,Petite_chauve_souris_brune,Pipistrelle_de_l_Est,Satyre_fauve_des_Maritimes,Aigle_royal,Arlequin_plongeur_pop_de_l_Est,Becasseau_maubeche_rufa,Bruant_sauterelle_pratensis,Garrot_d_Islande_pop_de_l_Est,Grebe_esclavon,Grive_de_Bicknell,Guifette_noire,Hibou_des_marais,Hirondelle_de_rivage,Martinet_ramoneur,Oceanite_Cul_blanc,Paruline_a_ailes_dorees,Paruline_azuree,Petit_blongios,Pluvier_siffleur_melodus,Rale_jaune,Sterne_de_Dougall,Belette_pygmee,Campagnol_lemming_de_Cooper,Campagnol_des_rochers,Campagnol_sylvestre,Musaraigne_de_Gaspe,Musaraigne_longicaude,Petit_polatouche_pop_des_plaines_des_Grands_Lacs,Alose_savoureuse,Brochet_maille,Brochet_vermicule,Chabot_de_profondeur,Chat_fou_des_rapides,Chevalier_cuivre,Chevalier_de_riviere,Cisco_de_printemps,Crapet_du_Nord,Dard_de_sable,eperlan_arc_en_ciel_pop_du_sud_de_l_estuaire_du_Saint_Laurent,Esturgeon_jaune,Esturgeon_noir,Fouille_roche_gris,Lamproie_du_Nord,Mene_laiton,Mene_d_herbe,Omble_chevalier_oquassa,Couleuvre_a_collier_du_Nord,Couleuvre_brune,Couleuvre_d_eau_du_Nord,Couleuvre_mince_du_Nord,Couleuvre_tachetee,Couleuvre_verte,Tortue_des_bois,Tortue_geographique,Tortue_molle_a_epines,Tortue_mouchetee,Tortue_musquee
1.1.1,Zones résidentielles et urbaines denses,,Extrême,Extrême,Extrême,Extrême,Sérieuse,Sérieuse,Sérieuse,Sérieuse,Sérieuse,Sérieuse,Sérieuse,Sérieuse,Extrême,Extrême,,Extrême,Extrême,,,Extrême,Extrême,Extrême,Extrême,,,Extrême,Extrême,Extrême,Extrême,Extrême,,,,,Extrême,,,Extrême,,,,,,Extrême,,Extrême,Extrême,Extrême,,,,Extrême,,,Extrême,,Extrême,Sérieuse,Extrême,,Sérieuse,Extrême,Extrême,Modérée,Modérée,Modérée,Légère
1.1.2,Zones résidentielles à faible densité,,,Extrême,,,Sérieuse,Sérieuse,Sérieuse,Sérieuse,Sérieuse,Sérieuse,Sérieuse,Sérieuse,Sérieuse,Sérieuse,Sérieuse,Légère,Extrême,,,Légère,Sérieuse,,,Modérée,,Modérée,Sérieuse,Sérieuse,Sérieuse,Sérieuse,,,,,Sérieuse,,,Sérieuse,,,,,,,,,,,,,,,,,,,Sérieuse,,Sérieuse,Sérieuse,,Sérieuse,Sérieuse,Modérée,Légère,Légère,Légère
1.2.1,Zones commerciales et industrielles_N3,,,Extrême,Sérieuse,,Sérieuse,Sérieuse,Sérieuse,Sérieuse,Sérieuse,Sérieuse,Sérieuse,Sérieuse,Extrême,,,Extrême,,,,,Extrême,,Extrême,Modérée,,Extrême,Extrême,Extrême,Extrême,Extrême,,,,,Extrême,,,,Extrême,,,,Extrême,Extrême,Extrême,,Extrême,,Extrême,Extrême,Extrême,Extrême,,,Extrême,,Extrême,Sérieuse,Extrême,,Sérieuse,Extrême,Extrême,Modérée,,,
1.3.1,Parcs et terrains de sport,,Extrême,,Extrême,Sérieuse,,,,,,,,,,,,,,,,,,,,,,,,,,,,,,,,,,,,,,,,,,,,,,,,,,,,,,Sérieuse,,,Sérieuse,,Modérée,Négligeable,,,Négligeable
1.3.2,Terrains de camping,,,Sérieuse,Sérieuse,Sérieuse,,,,,,,,,,,,,,,,Légère,,,,,,,,,,,,,,,,,,,,,,,,,,,,,,,,,,,,,,,,,,,,,,,
1.3.3,Stations de ski,,,,Sérieuse,,,,,,,,,,,,,,,,,Modérée,,,,,,,,,,,,,,,,,,Modérée,,,,,,,,,,,,,,,,,,,Sérieuse,,,,,,,,,,
1.3.4,Sentiers récréatifs,,,Modérée,Modérée,Sérieuse,,,,,,,,,,Modérée,,Légère,,,,,,,,,,,,,,,,,,,,,,,,,,,,,,,,,,,,,,,,,,,,,,,,,,,
1.3.5,Quais et marinas,,,,,,,,,,,,,,,,,Extrême,,,,,,,,,,,,,Sérieuse,,,,,,,,,,,Modérée,,,Modérée,Modérée,Modérée,,,Modérée,,,,Modérée,,,Modérée,,,,,,,,,,,,
2.1.1,Agriculture de type annuelle (grandes cultures),,Sérieuse,Extrême,Extrême,Sérieuse,Sérieuse,Sérieuse,Sérieuse,Sérieuse,Sérieuse,Sérieuse,Sérieuse,Sérieuse,,,,,Extrême,,,,Sérieuse,Sérieuse,Légère,,,Modérée,Extrême,Sérieuse,,Sérieuse,,Sérieuse,,,Extrême,,,Extrême,,,,,,,,,,,,,,,,,,,Extrême,Sérieuse,Sérieuse,Extrême,Sérieuse,Extrême,Modérée,Inconnue,Modérée,Légère,Négligeable
2.1.2,Agriculture pérenne,,,,,,,,,,,,,,,,,,Sérieuse,,,,Sérieuse,Extrême,,,,,Extrême,Sérieuse,,Sérieuse,,,,,,,,,,,,,,,,,,,,,,,,,,,,Modérée,,Modérée,Modérée,Modérée,Modérée,,Légère,Légère,
2.1.3,Agriculture autre,,,,Sérieuse,Sérieuse,,,,,,,,,,,,,Modérée,,,,Sérieuse,,,,,,Extrême,Sérieuse,,,,,,,Extrême,,,Légère,,,,,,,,,,,,,,,,,,,Sérieuse,Modérée,,,Modérée,Modérée,,,,,
2.2.1,Production de bois de pulpe,,,Sérieuse,,,,,,,,,,,,,,,,,,,,Légère,,,,,,,,,,,,,Légère,,,Légère,,,,,,,,,,,,,,,,,,,,,,,,,Légère,,,,
2.2.2,Plantations d'arbres d'ornement,,,,Sérieuse,Sérieuse,,,,,,,,,,,,,Inconnue,,,,,Légère,,,,,,,,,,,,,Légère,,,Légère,,,,,,,,,,,,,,,,,,,,,,,,,,,,,
2.3.1,Élevage extensif extérieur (sur paturages),,Modérée,,Sérieuse,Modérée,,,,,,,,,,,,,Modérée,,,,,Modérée,,,,Modérée,,,,Modérée,,,,,,,,,,,,,,,,,,,,,,,,,,,,,,,,,,Inconnue,,,
2.3.2,Élevage intensif extérieur (forte densité),,,,Extrême,Sérieuse,,,,,,,,,,,,,Modérée,,,,,,,,,,,,,,,,,,,,,,,,,,,,,,,,,,,,,,,,,,,,,,Légère,,,,
2.4.1,Pisciculture en mer,,,,,,,,,,,,,,,,Légère,,,Légère,,,,,,,,,,,,,,,,,,,,,,,,,,,,,,,,,,,,,,,,,,,,,,,,,
2.4.4,Culture d'algues,,,,,,,,,,,,,,,,Légère,,,Légère,,,,,,,,,,,,,,,,,,,,,,,,,,,,,,,,,,,,,,,,,,,,,,,,,
2.4.5,Culture de mollusques en mer,,,,,,,,,,,,,,,,Légère,Légère,,Légère,,,,,,,,,,,,,,,,,,,,,,,,,,,,,,,,,,,,,,,,,,,,,,,,,
3.1.1,Exploitation pétrolière sur terre,,,,,,,,,,,,,,,,,,,,,,,,,,,,,,,,,,,,,,,,,,,,,,,,,,,,,,,,,,,,,,,,Extrême,,,,
3.1.2,Exploitation pétrolière en mer,,,,,,,,,,,,,,,,,,,,,,,,,,Légère,,,,,,,,,,,,,,,,,,,,,,,,,,,,,,,,,,,,,,,,,,
3.1.5,Exploitation du gaz naturel en mer,,,,,,,,,,,,,,,,,,,,,,,,,,Légère,,,,,,,,,,,,,,,,,,,,,,,,,,,,,,,,,,,,,,,,,,
3.2.1,Mines sous-terraines,,,,Sérieuse,,,,Modérée,Modérée,,Modérée,Modérée,Modérée,,Sérieuse,Légère,Négligeable,,,,,,,,,,,,,,,,,,,,,,,,,,,,,,,,,,,,,,,,,,,,,,,,,,,
3.2.2,Mines à ciel ouvert,,,,Extrême,,Sérieuse,Sérieuse,Sérieuse,Sérieuse,Sérieuse,Sérieuse,Sérieuse,Sérieuse,,Extrême,Légère,Négligeable,,,,,,Extrême,,,,,,,,,,,,,,,,,,,,,,,,,,,,,,,,,,,,,,,,,,,,Modérée,
3.2.3,Carrières et sablières,,Extrême,Extrême,Extrême,Extrême,,,Modérée,Modérée,,Modérée,Modérée,Modérée,,Extrême,,Négligeable,,,,,,,Extrême,,,,,,,,,,,,,,,,,,,,,,,,,,,,,,,,,,Extrême,,Extrême,Extrême,,,Sérieuse,Légère,,Modérée,
3.2.4,Récolte de la tourbe,,,Extrême,,,,,,,,,,,,,,,,,,,,Sérieuse,,,,,,,,,,Sérieuse,Extrême,Extrême,,,,,,,,,,,,,,,,,,,,,,,,,,,,Extrême,,,,,
3.3.1,Barrages hydroélectriques,,,,Légère,Légère,,,,,,,,,,Sérieuse,Sérieuse,,,Légère,,,,,,,,,,,,,,,,,,,,,Sérieuse,,,,,Sérieuse,Sérieuse,,Sérieuse,Légère,,Sérieuse,Sérieuse,Modérée,,,,,,,,,,,,,,,
3.3.2,Parcs éoliens,,,,Extrême,,Légère,Légère,Légère,Légère,Légère,Légère,Légère,Légère,,Modérée,,,,,,Légère,,Légère,,,,Modérée,,,,,,,,,,,,,,,,,,,,,,,,,,,,,,,,,,,,,,,,,
4.1.1,Routes,,Légère,,,,Légère,Légère,Légère,Légère,Légère,Légère,Légère,Légère,,Modérée,,,,Sérieuse,,,,Modérée,Légère,Négligeable,,,Sérieuse,Inconnue,,,,Légère,,,,,,Légère,,,,,,Extrême,Extrême,,,Extrême,,,,Extrême,,,Extrême,,Légère,Modérée,Légère,Légère,Modérée,Légère,Sérieuse,Modérée,Négligeable,Sérieuse,Négligeable
4.1.2,Voies ferrées,,Légère,,,,,,,,,,,,,,,,,,,,,Légère,,,,,Sérieuse,,,,,,,,,,,,,,,,,,,,,,,,,,,,,,,,,,,,Légère,,,Légère,
4.1.3,Ponts,,,,,,,,,,,,,,,,,,,,,,,,,,,,,,,,,,,,,,,,,,,,Modérée,,,,,Modérée,,,,,,,Modérée,,,,,,,,,,,,
4.1.4,Chemins forestiers,,,,,,,,,,,,,,,,,,,,,Modérée,,,,,,,Sérieuse,,,,,Négligeable,,,,,,,,,,,,,,,,,,,,,,,,,,,,,,,Sérieuse,,,,
4.2.1,Lignes de transport d'énergie et de service,,,Sérieuse,Sérieuse,Sérieuse,,,,,,,,,,Modérée,,,,,,Modérée,,,,Négligeable,,Légère,Sérieuse,,,Inconnue,,,,,,,,,,,,,,,,,,,,,,,,,,,,Négligeable,,,,,,,,,
4.2.2,Oléoducs et gazoducs,,,,,,,,,,,,,,,,,,,,,Modérée,,,,,,,,,,,,,,,,,,,,,,,,,,,,,,,,,,,,,,,,,,,,,,,
4.3.1,Navigation commerciale,,,,,,,,,,,,,,,,,,,,,,,,Modérée,,,,,,,,,,,,,,,,Modérée,,,,,Modérée,Modérée,,Modérée,Sérieuse,,Modérée,Modérée,,,Modérée,Modérée,,,,,,,,,,,,
4.3.2,Dragage des voies de navigation,,,,,,,,,,,,,,,,,,,Légère,,,,,,,,,,,,,,,,,,,,,,Modérée,,,Modérée,Légère,Modérée,,,Modérée,,,,,Sérieuse,,Modérée,,,,,,,,,Modérée,Modérée,,Modérée
4.3.3,Canaux et écluses,,,,,,,,,,,,,,,,,,,,,,,,,,,,,,,Modérée,,,,,,,,,,,,,,,,,,,,,,,,,,,,,,,,,,,,,
4.4.1,Corridors aériens_N3,,,,,,,,,,,,,,,Modérée,,,,,,,,,,,,,,,,,,,,,,,,,,,,,,,,,,,,,,,,,,,,,,,,,,,,,
5.1.1,Chasse,,,,,,,,,,,,,,,Légère,Inconnue,,,Légère,Modérée,,,Légère,,,,,,,,,,,,,,,,,,,,,,,,,,,,,,,,,,,,,,,,,,,,,
5.1.2,Piégeage,,,,,,,,,,,,,,,Sérieuse,,,,,,,,,,,,,,,,,,,,,,,,Extrême,,,,,,,,,,,,,,,,,,,,,,,,,,,,,
5.1.4,Braconnage/persécution d'animaux terrestres,,,,,,,,,,,,,,,Sérieuse,,,,,Inconnue,,,,,Sérieuse,,,,,,,,,,,,,,,,,,,,,,,,,,,,,,,,,Légère,Modérée,Légère,Légère,Sérieuse,Légère,Sérieuse,Sérieuse,Inconnue,Sérieuse,Sérieuse
5.1.5,Contrôle/gestion d'animaux terrestres,,,,,,,,Modérée,,,Sérieuse,Sérieuse,,,,,,,,,,,,,Modérée,,,,,,,,,,,,,,,,,,,,,,,,,,,,,,,,,,,,,,,,,,,
5.2.1,Cueillette récréative ou de subsistance,,,,,,,,,,,,,,,,,Sérieuse,,,,,,,,,,,,,Extrême,,,,,,,,,,,,,,,,,,,,,,,,,,,,,,,,,,,,,,
5.3.1,Retrait total du couvert forestier,,,Extrême,Extrême,Extrême,Sérieuse,Sérieuse,Sérieuse,Sérieuse,Sérieuse,Sérieuse,Sérieuse,Sérieuse,,Sérieuse,Modérée,,,Sérieuse,,Sérieuse,,,,Légère,,,Extrême,,,,,Sérieuse,Sérieuse,Extrême,Extrême,Sérieuse,Sérieuse,Extrême,,,,,,,,,,,,,,,,,,,Extrême,,,,,,Légère,,,,
5.3.2,Retrait partiel du couvert forestier,,,Sérieuse,Sérieuse,Sérieuse,Modérée,Modérée,Modérée,Modérée,Modérée,Modérée,Modérée,Modérée,,,Modérée,,,Sérieuse,,Modérée,,,,Légère,,,Sérieuse,,,,,,Modérée,Sérieuse,Sérieuse,Modérée,Modérée,Sérieuse,,,,,,,,,,,,,,,,,,,Sérieuse,,,,,,,,,,
5.3.3,Traitements d'éducation,,,,,,Modérée,Modérée,,,Modérée,,,,,,,,,,,Sérieuse,,,,,,,Modérée,,,,,,,,,,,Sérieuse,,,,,,,,,,,,,,,,,,,Sérieuse,,,,,,,,,,
5.3.4,Régénération artificielle des peuplements,,,,,,,,,,,,,,,,,,Inconnue,,,Sérieuse,,,,,,Modérée,Modérée,,,Sérieuse,,,,,,,,Modérée,,,,,,,,,,,,,,,,,,,Sérieuse,,,,,,,,,,
5.3.5,Préparation de terrain après coupe,,,,,,,,,,,,,,,,,,,,,,,,,,,,Modérée,,,,,,,Sérieuse,Sérieuse,Sérieuse,Sérieuse,,,,,,,,,,,,,,,,,,,,Sérieuse,,,,,,,,,,
5.4.1,Pêche récréative ou de subsistance,,,,,,,,,,,,,,,,,Modérée,,,,,,,,,,,,,Modérée,,,,,,,,,,Légère,Légère,,,,Légère,Légère,Légère,Légère,,Légère,Légère,Légère,,,Légère,,Légère,,,,,,,Négligeable,Légère,Modérée,,Légère
5.4.2,Pêche commerciale industrielle,,,,,,,,,,,,,,,,,,,Légère,Modérée,,,,,,,,,,,,,,,,,,,,Légère,,,,,Légère,Légère,,Légère,,,Légère,Légère,,,,,,,,,,,,,Légère,,Légère,Modérée
5.4.3,Braconnage/persécution d'espèces aquatiques,,,,,,,,,,,,,,,,,,,,,,,,,,,,,,,,,,,,,,,,,,,,,,,,,Sérieuse,,,,,,,,,,,,,,,,,,,
6.1.1,Véhicules motorisés,Légère,Légère,Modérée,Légère,Légère,,,,,,,,,Légère,Modérée,,Modérée,Inconnue,Modérée,Modérée,Modérée,,Modérée,Légère,,,,,,Extrême,,,Négligeable,,,,,,,,,,,,,,,,,,,,,,,,,,,Négligeable,Légère,Légère,Légère,Légère,Légère,Légère,Légère,
6.1.2,Randonnée,,,,,,,,,,,,,,,Sérieuse,,Modérée,,,Modérée,Modérée,,,Légère,,Négligeable,,,,Extrême,,Inconnue,,,,,,,,,,,,,,,,,,,,,,,,,,,Légère,,,,,,,,,
6.1.3,Usage récréatif des falaises et parois rocheuses,,,,,,,,,,,,,,,Sérieuse,,,,,,,,,,,,,,,,,,,,,,,,,,,,,,,,,,,,,,,,,,,,,,,,,,,,,
6.1.4,Navigation de plaisance,,,,,,,,,,,,,,,,Légère,Modérée,,Légère,,,Inconnue,,Légère,,,,,Modérée,,,,,,,,,,,,,,,,Sérieuse,Sérieuse,,Sérieuse,Sérieuse,,,,Sérieuse,,,Sérieuse,,,,,,,,Légère,Sérieuse,Modérée,,Modérée
6.1.5,Camping sauvage sans aménagement,,,,,,,,,,,,,,,,,,,,Modérée,,,,,,Négligeable,,,,Extrême,,Inconnue,,,,,,,,,,,,,,,,,,,,,,,,,,,,,,,,,,,,
6.1.7,Spéléologie,,,,,,,,Sérieuse,Sérieuse,,Sérieuse,Sérieuse,Sérieuse,,,,,,,,,,,,,,,,,,,,,,,,,,,,,,,,,,,,,,,,,,,,,,,,,,,,,,,
6.1.8,Observation de la nature/photographie,,,,,,,,,,,,,,,Sérieuse,,Modérée,,,Modérée,,,,,,,,,Modérée,Sérieuse,,Inconnue,,,,,,,,,,,,,,,,,,,,,,,,,,,,Négligeable,,,,,,,,
6.1.9,Événements spéciaux en milieu naturel,,,,,,,,,,,,,,,,,,Inconnue,,,,,,,,,,,,Sérieuse,,,,,,,,,,,,,,,,,,,,,,,,,,,,,,,,,,,,,,
6.3.1,Activités de recherche,,,,,,,,,,,,,,,Légère,,Négligeable,,,,,,,,,Négligeable,,,,,,,,Sérieuse,Sérieuse,Sérieuse,Sérieuse,Sérieuse,,,,,,,,,,,,,,,,,,,,,,,,,,Légère,,,,
6.3.2,Activités illégales,,,,,Inconnue,,,,,,,,,,,,,,,,,,,,,,,,,,,,,,,,,,,,,,,,,,,,,,,,,,,,,,,,,,,,,,,
6.3.3,Vandalisme,,,,,,,,Modérée,Modérée,,Modérée,Modérée,Modérée,,,,,,,,,,,,,,,,,,,,,,,,,,,,,,,,,,,,,,,,,,,,,,,,,,,,,,,
7.1.1,Augmentation du régime des feux,,,,,,,,,,,,,,,,,,,,,Sérieuse,,,Inconnue,,,,,,,,,Légère,,Modérée,Modérée,Modérée,Modérée,Modérée,,,,,,,,,,,,,,,,,,,,,,,,,,,,,
7.2.1,Gestion du niveau de l'eau par barrage,,,,Inconnue,Inconnue,,,,,,,,,,,Sérieuse,Légère,,,,,Inconnue,,Sérieuse,,,,,Sérieuse,,Modérée,,,,,,,,,Modérée,Modérée,Modérée,,Modérée,Sérieuse,Modérée,Modérée,Modérée,Modérée,Modérée,Modérée,Modérée,,Sérieuse,Modérée,Modérée,,,,Modérée,,,,Légère,Légère,Modérée,,Légère
7.2.2,Gestion des barrages de castor,,,,,,,,,,,,,,,,,,,,,,,,,,,,,,,,,,,,,,,,,,,,,,,,,,,,,,,,,,,,Légère,Légère,,,,,,Modérée,
7.2.3,Gestion de l'eau par ponceau,,,Légère,Modérée,Modérée,,,,,,,,,,,,,,,,,,,,,,,,,,,,,,,,,,,,Légère,Légère,,Légère,,,,Légère,Modérée,,,,,,Légère,Légère,,,,,,,,,,,,
7.2.4,Drainage en milieu agricole,,Sérieuse,Sérieuse,Sérieuse,Sérieuse,,,,,,,,,,,,,,,,,,,Modérée,Sérieuse,,,,,,,,,,,,,,,,,,,Sérieuse,,,Sérieuse,Sérieuse,Sérieuse,,,,Sérieuse,Sérieuse,Sérieuse,Sérieuse,,,,,Modérée,,Modérée,,,,,
7.2.5,Drainage en milieu forestier,,Légère,Sérieuse,Sérieuse,Sérieuse,,,,,,,,,,,,,,,,,,,Modérée,Sérieuse,,,,,,,,,,,,,,Légère,,,,,,,,,,,,,,,,,,,Modérée,,,,,,,,,,
7.2.6,Prélèvement des eaux de surface,,,Sérieuse,Sérieuse,Sérieuse,,,,,,,,,,,,,,,,,,,,,,,,,,,,,,,,,,,,,,,,,,,,,,,,,,,,,,,,,,,,,,,
7.2.7,Prélèvement des eaux souterraines,,,Sérieuse,Sérieuse,Sérieuse,,,,,,,,,,,,,,,,,,,,,,,,,,,,,,,,,,,,,,,,,,,,,,,,,,,,,,,,,,,,,,,
7.3.1,Artificialisation des berges,,,,,,,,,,,,,,,,,Sérieuse,,,,,,,Modérée,,,,,,Extrême,,Sérieuse,,,,,,,,,,,,Modérée,Modérée,Modérée,Modérée,Modérée,Modérée,Modérée,,,Modérée,Sérieuse,Modérée,Modérée,,,,Modérée,,,,Légère,Modérée,Modérée,,Modérée
7.3.2,Succession végétale,,Légère,,,,,,,,,,,,,,,,Extrême,,,Légère,,Légère,,,,Modérée,,,,,,,,,,,,,,,,,,,,,,,,,,,,,,,,Sérieuse,,,Modérée,,,,,,
7.3.3,Érosion et sédimentation naturelles,,,,,,,,,,,,,,,,,,,,Modérée,,,,Modérée,,,,,,Extrême,,Sérieuse,,,,,,,,,,,,,,,,,,,,,,,,,,,,,,,,,,,,
7.3.4,Aménagement de plages,,,,,,,,,,,,,,,,,,,,,,,,,,,,,,Sérieuse,,,,,,,,,,,,,,,,,,,,,,,,,,,,,,,,,,,,Légère,,
8.1.1,Animaux terrestres,,,,,,,,,,,,,,,,,,,,,,,,,,Légère,,,,,,,,,,,,,,,,,,,,,,,,,,,,,,,,,,,,,,,,,,
8.1.1.24,Felis catus,,,,,,,,,,,,,,,,,,Inconnue,,,,,,,,Légère,,,,,,,Négligeable,,,,Sérieuse,Sérieuse,Négligeable,,,,,,,,,,,,,,,,,,,Légère,Modérée,Négligeable,Légère,Modérée,Légère,,,,,
8.1.1.71,Trachemys scripta elegans,,,,,,,,,,,,,,,,,,,,,,,,,,,,,,,,,,,,,,,,,,,,,,,,,,,,,,,,,,,,,,,,,Inconnue,,,
8.1.1.969,Neovison vison,,,,,,,,,,,,,,,,,,,,Modérée,,,,,,Légère,,,,,,,,,,,,,,,,,,,,,,,,,,,,,,,,,,,,,,,,,,
8.1.2.301,Phragmites australis,,Sérieuse,,,,,,,,,,,,Modérée,,,,,,,,Inconnue,,,,,,,Sérieuse,,Modérée,,,,,,,,,,,,,,Légère,,,,,,,,,,,,,,Inconnue,Inconnue,,Inconnue,Inconnue,Légère,Modérée,Légère,Légère,Légère
8.1.2.809,Rhamnus cathartica,,Sérieuse,,Inconnue,,,,,,,,,,,,,,,,,,,,,,,Modérée,,,,,,,,,,,,,,,,,,,,,,,,,,,,,,,,Sérieuse,,,Modérée,,,,,,
8.1.2.91,Reynoutria japonica,,,,,,,,,,,,,,,,,,,,,,,,,,,,,,,,,,,,,,,,,,,,,,,,,,,,,,,,,,,Sérieuse,,,Modérée,,Légère,,Légère,,
8.1.3.1226,Salvelinus fontinalis,,,,Modérée,Modérée,,,,,,,,,,,,,,Sérieuse,,,,,,,,,,,,,,,,,,,,,,,,,,,,,,,,,,,,,,,,,,,,,,,,,
8.1.3.369,Ctenopharyngodon idella,,,,,,,,,,,,,,,,,,,,,,,,,,,,,,,,,,,,,,,,,,,,,Inconnue,Inconnue,,,,,,,,,,,,,,,,,,,,,,
8.1.3.50,Dreissena polymorpha,,,,,,,,,,,,,,,,,,,,,,,,,,,,,,,,,,,,,,,,,,Inconnue,,,Sérieuse,Sérieuse,,,,,Iconnue,Inconnue,,,,,,,,,,,,,,,,
8.1.3.618,Tinca tinca,,,,,,,,,,,,,,,,,,,,,,,,,,,,,,,,,,,,,,,,,,,,Sérieuse,Sérieuse,Sérieuse,,,Sérieuse,,,,Sérieuse,,Sérieuse,Sérieuse,,,,,,,,,,,,
8.1.3.657,Neogobius melanostomus,,,,,,,,,,,,,,,,,,,,,,,,,,,,,,,,,,,,,,,,,,,,,Sérieuse,,,,Sérieuse,,,,Sérieuse,Inconnue,,,,,,,,,,,,,,
8.1.3.918,Dreissena bugensis,,,,,,,,,,,,,,,,,,,,,,,,,,,,,,,,,,,,,,,,,,,,,Sérieuse,Sérieuse,,,,,Iconnue,Inconnue,,,,,,,,,,,,,,,,
8.1.4.567,Trapa natans,,,,,,,,,,,,,,,,,,,,,,,,,,,,,,,,,,,,,,,,,,,,,Inconnue,,,,,,,,,,,,,,,,,,,,,,,
8.1.4.976,Myriophyllum,,,,,,,,,,,,,,,,,,,,,,,,,,,,,,,,,,,,,,,,,Inconnue,Inconnue,,,,,Inconnue,Inconnue,,,,,,,Inconnue,Sérieuse,,,,,,,,,,,,
8.2.1,Altération de l'habitat par le castor,,Sérieuse,,,,,,,,,,,,,,,,,,,,,,,,,,,,,,,,,,,,,,,,,,,,,,,,,,,,,,,,,,,,,,,,,,
8.2.2,Augmentation du broutage par les vertébrés,,,,,,,,,,,,,,,,,,,,,,,,,,Négligeable,,,,,Modérée,,,,,,,,,,,,,,,,,,,,,,,,,,,,,,,,,,,,,
8.2.4,Épidémie d'insectes ravageurs,,,,,,,,,,,,,,,,,,,,,Modérée,,,,,,,Inconnue,,,,,,,,,,,Inconnue,,,,,,,,,,,,,,,,,,,,,,,,,,,,,
8.2.5,Augmentation de la prédation par les mésoprédateurs,,,,,,,,,,,,,,,,,,Inconnue,,Modérée,,,Modérée,Légère,Négligeable,Légère,,Inconnue,Inconnue,Sérieuse,Inconnue,Sérieuse,,Modérée,,,Modérée,Modérée,Légère,,,,,,,,,,,,,,,,,,,Légère,Modérée,Légère,Légère,Modérée,Légère,Modérée,Modérée,Modérée,Modérée,Légère
8.2.7,Ectoparasites,,,,Inconnue,Inconnue,,,,,,,,,,Légère,,,,,,,,,,,,,,,,,,,,Inconnue,,,,,,,,,,,,,,,,,,,,,,,,,,,,,Inconnue,Inconnue,Inconnue,Inconnue,
8.2.8,Compétition interspécifique avec une espèce favorisée,,,,,Inconnue,,,,,,,,,,,,,,Inconnue,Inconnue,,,,,,Modérée,Extrême,Inconnue,,,,,Inconnue,,,,,,Inconnue,,,,,,,,,,,,,,,,,,,,,,,,,,,,,
8.4.1,Pathogène bactérien,,,,,,,,,,,,,,,,,,,,Légère,,,,,,,,,,,,,,,,,,,,,,,,,,,,,,,,,,,,,,,,,,,,,,,,
8.4.2,Pathogène viral,Inconnue,Inconnue,,,,,,,,,,,,,Modérée,,,,,,,,Légère,,,,,,,,,,,,,,,,,,,,,,,,,,,,,,,,,,,,,,,,,Inconnue,Inconnue,Inconnue,Inconnue,Inconnue
8.4.3,Pathogène fongique,Inconnue,Inconnue,Extrême,Extrême,Extrême,,,Extrême,Extrême,,Extrême,Extrême,Extrême,,,,,,,,,,,,,,,Inconnue,,,,,,,,,,,,,,,,,,,,,,,,,,,,,,Sérieuse,Sérieuse,Sérieuse,Sérieuse,Sérieuse,Sérieuse,,,,,
9.1.1,Eaux usées domestiques,,,,,,,,,,,,,,,,,Inconnue,,,,,Inconnue,,,,,,,Modérée,,,,,,,,,,,,,,Modérée,Modérée,Modérée,Modérée,Modérée,Modérée,Modérée,,,,,,Modérée,Modérée,,,,Modérée,,,,Inconnue,Légère,Légère,,Inconnue
9.1.2,Effluents urbains,,Modérée,Modérée,Modérée,,,,,,,,,,Modérée,,,Inconnue,,Légère,,,Inconnue,,,,,,,Modérée,,,,,,,,,,,,,,Modérée,Modérée,Modérée,Modérée,Modérée,Modérée,Modérée,,,,,,Modérée,Modérée,,,,Légère,,,,,,,,
9.2.1,Déversement d'hydrocarbures,,Légère,,,Sérieuse,,,,,,,,,Sérieuse,,Sérieuse,Modérée,,Extrême,Modérée,,Inconnue,,,,Modérée,,,Inconnue,Sérieuse,,Sérieuse,,,,,,,,Sérieuse,,Sérieuse,,Sérieuse,Sérieuse,Sérieuse,,Sérieuse,Sérieuse,Sérieuse,Sérieuse,Sérieuse,Sérieuse,,,Sérieuse,,,,Sérieuse,,,,,,,,
9.2.2,Drainage minier acide (DMA),,,,,,,,,,,,,,,,Inconnue,Négligeable,,,,,,,,,,,,,,,,Légère,,,,,,,,,,,,,,,,,,,,,,,,,,,,,,,,,,,
9.2.3,Retardateurs de flamme,,,,,,,,,,,,,,,Légère,,,,,,,,,,,,,,,,,,,,,,,,,,,,,,,,,,,,,,,,,,,,,,,,,,,,,
9.2.4,BPC,,,,,,,,,,,,,,,,,,,Légère,,,,,,,,,,,,,,,,,,,,,,,,,,,,,,,,,,,,,,,,,,,,,,,,,
9.2.5,Mercure,,,,,,,,,,,,,,,Légère,,,,Légère,,,,,Inconnue,Inconnue,Inconnue,,,,,,,,,,,,,,,,,,,,,,,,,,,,,,,,,,,,,,,,,,
9.2.6,Plomb d'origine industrielle,,,,,,,,,,,,,,,,Inconnue,,,Légère,,,,,,,,,,,,,,,,,,,,,,,,,,,,,,,,,,,,,,,,,,,,,,,,,
9.2.7,Autres rejets industriels,,Modérée,,,,,,,,,,,,Modérée,,,,,,,,,,,,,,,,,,,,,,,,,,,,,,,Modérée,,,Modérée,Sérieuse,,,,Modérée,,Modérée,Modérée,,,Modérée,,,,,,,,Inconnue,Inconnue
9.3.1,Charge de nutriments,,Inconnue,Sérieuse,Sérieuse,Sérieuse,,,,,,,,,,,,,,,Modérée,,Inconnue,,Inconnue,,,,,Modérée,,,,,,,,,,,,,,,Sérieuse,Sérieuse,Sérieuse,Sérieuse,Sérieuse,Sérieuse,,,,Modérée,Sérieuse,Sérieuse,Sérieuse,Sérieuse,,,Modérée,,,,Inconnue,Inconnue,Inconnue,,
9.3.2,"Érosion du sol, sédimentation",,,Sérieuse,Sérieuse,Sérieuse,,,,,,,,,,,,,,,,,,,,,,,,,,,,,,,,,,,,,,,Sérieuse,,Sérieuse,,,Sérieuse,,,,Sérieuse,,,Sérieuse,Sérieuse,,,Légère,,,,,,,,
9.3.3,Herbicides et pesticides,,Inconnue,Sérieuse,Sérieuse,Sérieuse,Sérieuse,Sérieuse,Sérieuse,Sérieuse,Sérieuse,Sérieuse,Sérieuse,Sérieuse,Sérieuse,,,Inconnue,Sérieuse,Légère,,,Inconnue,Modérée,Inconnue,Inconnue,,,Inconnue,Modérée,,,,,,,Légère,,,Légère,,,,,,Sérieuse,Sérieuse,Sérieuse,Sérieuse,Sérieuse,,Sérieuse,,,Sérieuse,Sérieuse,Sérieuse,,,,Légère,,,,,,,,
9.4.1,Ordures,,Négligeable,,,,,,,,,,,,,,,,,,,,,,,,Légère,,,,,,,,,,,,,,,,,,,,,,,,,,,,,,,,,,,,,,,,,,
9.4.2,Plomb solide,,,,,,,,,,,,,,,Légère,Modérée,,,,Modérée,,,,,,,,,,,,,,,,,,,,,,,,,,,,,,,,,,,,,,,,,,,,,,,,
9.5.1,Pluies acides,,,,,,,,,,,,,,,,Modérée,,,,,,,,Inconnue,Inconnue,,,,,,,,,,,,,,Inconnue,,,,,,,,,,,,,,,,,,,,,,,,,,,,,
9.5.4,Poussières et cendres,,,,,,,,,,,,,,,,,,,,,,,,,,,,,,,,,,,,,,,,,,,,,,,,,,,,,,,,,,,Inconnue,,,,,,,,,
9.6.1,Pollution lumineuse,,,,,,Inconnue,Inconnue,Inconnue,Inconnue,Inconnue,Inconnue,Inconnue,Inconnue,,,,,,,,,,,,,Légère,,,,,,,,,,,,,,,,,,,,,,,,,,,,,,,,,,,,,,,,,,
9.6.3,Pollution par le bruit,,Inconnue,,,,,,,,,,,,,,,,,,,,,,Légère,,,,,,,,,,,,,,,,,,,,,,,,,,,,,,,,,,,,,,,,,,,,
11.1.1,Changement des communautés végétales,Inconnue,,,,,,,,,,,,,Inconnue,,,Modérée,,,,Modérée,Inconnue,,Inconnue,,,,,,,Inconnue,Inconnue,Inconnue,,,,,,Inconnue,,,,,,,,,,,,,,,,,,,,,,,,,,,,,
11.1.2,Décalage phénologique,Inconnue,,,,,,,,,,,,,,,,Modérée,,,,,,,,,,,Inconnue,,,,,,,,,,,Inconnue,,,,,,,,,,,,,,,,,,,,,,,,,,,,,
11.2.1,Changement du pH de l'habitat,,,,,,,,,,,,,,,,Inconnue,,,,,,,,,,,,,,,,,,,,,,,,,,,,,,,,,,,,,,,,,,,,,,,,,,,,
11.2.2,Changement de la salinité,Inconnue,,,,,,,,,,,,,,,Inconnue,,,,,,,,,,,,,,,,,,,,,,,,,,,,,,,,,,,,,,,,,,,,,,,,,,,,
11.3.1,Vagues de chaleur,,,Inconnue,Inconnue,Inconnue,,,,,,,,,,,,,,,,,,,,,,,,,,,,,,,,,,,,,,,,,,,,,,,,,,,,,,,,,,,,,,,
11.3.2,Périodes de froid intense,Inconnue,,,,,,,,,,,,,,,,,,,,,,,,,,,Inconnue,,,,,Inconnue,,,,,,Inconnue,,,,,,,,,,,,,,,,,,,Inconnue,Inconnue,Inconnue,Inconnue,Inconnue,Inconnue,,,,,
11.3.3,Changement graduel de la température,,,,,,,,,,,,,,Inconnue,,Inconnue,,,,,,,,,,Modérée,,,,,,,,,,,,,,,,,,,,,,,,,,,,,,,,,,,,,,,,,,
11.3.4,Augmentation des fluctuations de température,Inconnue,,,,,Inconnue,Inconnue,Inconnue,Inconnue,Inconnue,Inconnue,Inconnue,Inconnue,Inconnue,,,,,,,,Inconnue,,Inconnue,Inconnue,Modérée,,Inconnue,,,,,,,,,,,,,,,,,,,,,,,,,,,,,,Inconnue,Inconnue,Inconnue,Inconnue,Inconnue,Inconnue,,,,,
11.4.1,Pluies surabondantes,Inconnue,,,,,,,,,,,,,,,,,,,Modérée,,Inconnue,,,,,,,,,,,,,,,,,,,,,,,,,,,,,,,,,,,,,,,,,,,,,,
11.4.2,Sécheresse,Inconnue,Inconnue,Inconnue,Inconnue,Inconnue,Inconnue,Inconnue,Inconnue,Inconnue,Inconnue,Inconnue,Inconnue,Inconnue,Inconnue,,,Modérée,Sérieuse,,Modérée,,Inconnue,,,Inconnue,,,,Inconnue,,,,,,,,,,,,,,,,,,,Inconnue,Légère,,,,,Inconnue,,,,,,,,,,,,,,
11.4.3,Changement graduel du régime des précipitations,,,,,,,,,,,,,,Légère,,,,,,,,,,,,,,,,,,,,,,,,,,,,,,,,,,,,,,,,,,,,,,,,,,,,,,
11.4.4,Augmentation des fluctuations dans le régime des précipitations,,,,,,,,,,,,,,,,,,Sérieuse,,,,Inconnue,,Inconnue,Inconnue,,,,Inconnue,,,,,,,,,,,,,,,,,,,,,,,,,,,,,,,,,,,,,,,
11.5.1,Tempêtes et temps violents,Inconnue,,,,,,,,,,,,,Inconnue,,,Modérée,,,Modérée,,,,Inconnue,Inconnue,Légère,,Inconnue,,Modérée,,Inconnue,,,,,,,,,,,,,,,,,,,,,,,,,,,,,,,,,,,,
11.5.2,Onde de tempête,Inconnue,,,,,,,,,,,,,,,,,,,Modérée,,,,Inconnue,,Légère,,,,Modérée,,Inconnue,,,,,,,,,,,,,,,,,,,,,,,,,,,,,,,,,,,,
